Fitness;
Running;
Health;
Skiing;
Winter Sports;
Sports;
Marathon;
Hobby;
Sleep;
Language Learning;
Education;
Cooking;
Recipe;
Meditation;
Mindfulness;
Spanish;
Sport;
Tennis;
Music;
Album;
New Release;
Favorites;
Hiking;
Nature;
Outdoors;
Basketball;
Guitar;
Exercise;
Healthy Living;
Language;
Culture;
Learning;
Personal Growth;
Art;
Painting;
Yoga;
Stress Relief;
Challenges;
Travel;
Solo Travel;
Memory;
Brain;
Food;
Sushi;
Personal Development;
Career;
Tips;
Skydiving;
Adventure;
Paris;
Thrill-Seeking;
Rock;
Fear;
French;
Healthy Lifestyle;
Piano;
Reading;
Self-Improvement;
Benefits;
Self-discovery;
Mountains;
Self-improvement;
Mental Health;
Bungee Jumping;
Photography;
Rock Climbing;
Quarantine;
Surfing;
Beach;
Favorite;
Recipes;
Festival;
yoga;
health;
mindfulness;
Pizza;
Nutrition;
Productivity;
Time Management;
Goal Setting;
Japan;
outdoors;
hiking;
camping;
fishing;
Vegetarianism;
Favorite Genre;
Europe;
Jazz;
Blues;
Concert;
Scuba Diving;
Vacation;
Science;
Habit;
Pop;
Books;
tea;
Astronomy;
Stargazing;
Tokyo;
Football;
Self-Care;
Green Tea;
