gold_net;right_ad
gold_net;complex_game
gold_net;internal_noise
gold_net;pretend_boy
gold_net;hungry_dear
gold_net;better_log
gold_net;better_lesson
gold_net;significant_shot
international_welcome;technical_party
international_welcome;material_slice
international_welcome;unusual_youth
international_welcome;more_taste
international_welcome;this_pitch
international_welcome;rough_skirt
international_welcome;realistic_negative
international_welcome;free_occasion
wonderful_positive;better_formal
wonderful_positive;technical_might
wonderful_positive;sharp_feed
wonderful_positive;prize_claim
wonderful_positive;desperate_winter
wonderful_positive;civil_session
material_start;sexual_chance
material_start;character_wealth
material_start;ugly_recommendation
material_start;other_most
material_start;embarrassed_guitar
material_start;chemical_winner
acceptable_camp;left_girlfriend
acceptable_camp;positive_special
acceptable_camp;suitable_character
acceptable_camp;useful_internal
acceptable_camp;individual_history
acceptable_camp;equivalent_error
acceptable_camp;home_engineering
acceptable_camp;actual_few
fit_method;excellent_church
money_introduction;connect_combine
money_introduction;lonely_boyfriend
money_introduction;major_environment
money_introduction;educational_sock
money_introduction;late_suit
whole_plan;rich_bug
whole_plan;fair_phone
whole_plan;various_shake
whole_plan;objective_meaning
whole_plan;white_lock
whole_plan;annual_hell
whole_plan;available_try
separate_error;common_cigarette
separate_error;salt_end
separate_error;rich_bug
separate_error;international_exchange
separate_error;dark_external
separate_error;which_company
separate_error;resident_engineering
separate_error;environmental_college
separate_error;exciting_instance
separate_error;select_neat
either_recommendation;relevant_clothes
either_recommendation;fine_hide
either_recommendation;another_gather
either_recommendation;false_error
savings_quiet;physical_challenge
savings_quiet;full_you
savings_quiet;such_error
savings_quiet;various_user
savings_quiet;exact_hold
savings_quiet;economy_milk
whole_walk;east_dark
whole_walk;ugly_recommendation
whole_walk;big_aside
whole_walk;old_wood
patient_court;financial_wife
patient_court;afternoon_bake
patient_court;medium_good
patient_court;dependent_creative
patient_court;suspicious_age
patient_court;true_square
patient_court;animal_comment
patient_court;motor_till
prior_application;adult_risk
prior_application;capital_hall
prior_application;sick_menu
prior_application;forward_pool
prior_application;comfortable_level
prior_application;sad_ball
prior_application;sick_mix
prior_application;corner_cancer
prior_application;opening_morning
prior_application;soft_exam
prior_application;drunk_health
creative_hat;plenty_inspector
creative_hat;beautiful_hour
creative_hat;nasty_spell
creative_hat;impossible_conversation
dear_nobody;sweet_window
dear_nobody;hot_assistance
dear_nobody;inside_mom
dear_nobody;impossible_way
little_satisfaction;own_guitar
little_satisfaction;primary_platform
similar_camp;tall_rise
similar_camp;opening_solution
similar_camp;fresh_fish
similar_camp;solid_map
similar_camp;general_club
similar_camp;aggressive_activity
similar_camp;forward_gather
similar_camp;remote_noise
similar_camp;sweet_virus
similar_camp;secure_pass
similar_camp;funny_house
similar_camp;obvious_copy
civil_quote;thick_virus
civil_quote;quick_sleep
civil_quote;inner_blood
civil_quote;confident_go
scared_distance;budget_kind
scared_distance;nearby_somewhere
scared_distance;frequent_bird
scared_distance;firm_bath
scared_distance;general_mistake
scared_distance;individual_register
scared_distance;much_proposal
scared_distance;think_wife
massive_love;curious_hunt
massive_love;technical_temperature
east_kill;corner_bath
east_kill;civil_grab
east_kill;accurate_specific
east_kill;agent_inside
east_kill;chicken_design
east_kill;odd_fat
east_kill;general_maximum
various_membership;alive_tongue
various_membership;competitive_switch
various_membership;this_shoot
various_membership;terrible_airline
various_membership;true_membership
various_membership;brief_depth
false_turn;leather_clothes
false_turn;small_active
false_turn;sudden_routine
dark_professor;current_mortgage
dark_professor;clean_reveal
dark_professor;healthy_coat
dark_professor;cold_orange
dark_professor;guilty_arm
dark_professor;past_worth
dark_professor;separate_dealer
dark_professor;similar_person
dark_professor;front_fishing
alive_revenue;equal_wing
alive_revenue;sorry_glove
alive_revenue;global_mouth
pregnant_draft;temporary_gate
pregnant_draft;fine_hide
pregnant_draft;special_apartment
pregnant_draft;thick_focus
pregnant_draft;real_catch
pregnant_draft;physical_eye
period_steak;over_significance
period_steak;acceptable_spot
period_steak;whole_energy
period_steak;real_kitchen
period_steak;chance_rich
period_steak;rough_sink
period_steak;recent_cabinet
period_steak;spare_status
period_steak;east_silly
wine_interest;decent_bike
wine_interest;curious_pay
wine_interest;current_passage
wine_interest;motor_phrase
wine_interest;psychological_routine
wine_interest;fun_national
wine_interest;weird_sort
wine_interest;competitive_lock
wine_interest;head_pride
wine_interest;purple_midnight
wine_interest;new_give
drunk_marketing;educational_job
drunk_marketing;political_world
drunk_marketing;both_profile
drunk_marketing;successful_smile
drunk_marketing;less_cup
drunk_marketing;this_partner
drunk_marketing;sad_strip
drunk_marketing;final_return
drunk_marketing;straight_excuse
drunk_marketing;strong_deep
drunk_marketing;terrible_brilliant
glass_border;lower_courage
glass_border;mad_white
glass_border;mental_performance
glass_border;native_wife
glass_border;agent_basket
glass_border;novel_hide
ideal_instruction;downtown_course
ideal_instruction;perfect_self
ideal_instruction;yellow_mention
ideal_instruction;top_permit
ideal_instruction;simple_club
ideal_instruction;actual_spell
ideal_instruction;due_book
ideal_instruction;whole_gap
some_yellow;total_lie
some_yellow;worth_gap
some_yellow;substantial_active
some_yellow;primary_platform
some_yellow;expensive_ambition
gross_driver;minute_consideration
gross_driver;joint_plastic
gross_driver;opposite_pitch
gross_driver;fat_band
gross_driver;party_opinion
gross_driver;rough_bunch
gross_driver;particular_speech
novel_parent;agent_hate
novel_parent;ok_single
novel_parent;realistic_quarter
novel_parent;red_error
novel_parent;fine_pull
novel_parent;current_mess
general_responsibility;many_quantity
general_responsibility;narrow_independent
general_responsibility;connect_gate
general_responsibility;warm_prize
general_responsibility;emotional_result
general_responsibility;minimum_nothing
general_responsibility;lucky_grand
spare_mortgage;shot_dimension
spare_mortgage;plenty_manager
spare_mortgage;equivalent_boy
spare_mortgage;mobile_surround
spare_mortgage;medium_gate
spare_mortgage;opening_morning
plenty_success;routine_door
plenty_success;powerful_kid
plenty_success;foreign_manufacturer
plenty_success;psychological_kick
plenty_success;mission_art
plenty_success;internal_high
plenty_success;healthy_brick
plenty_success;neither_swing
plenty_success;substantial_north
plenty_success;secret_doubt
plenty_success;unable_beautiful
plenty_success;perfect_blank
straight_wrap;inside_anything
straight_wrap;minute_consideration
straight_wrap;desperate_animal
straight_wrap;last_stranger
straight_wrap;evening_video
straight_wrap;desperate_construction
straight_wrap;unfair_attempt
effective_language;open_pen
effective_language;time_inspector
effective_language;waste_mobile
effective_language;informal_ruin
effective_language;open_figure
effective_language;actual_few
embarrassed_guitar;these_ground
embarrassed_guitar;senior_offer
embarrassed_guitar;current_camp
embarrassed_guitar;still_invite
embarrassed_guitar;odd_insurance
embarrassed_guitar;severe_heart
embarrassed_guitar;working_county
embarrassed_guitar;mad_sweet
embarrassed_guitar;opening_towel
pure_area;similar_closet
pure_area;wild_heart
pure_area;general_manufacturer
pure_area;training_league
pure_area;formal_appeal
pure_area;historical_sensitive
pure_area;latter_memory
pure_area;relevant_establishment
pure_area;proper_mall
pure_area;decent_abroad
pure_area;yellow_sort
super_skin;comprehensive_hold
super_skin;equal_lead
super_skin;worth_basket
super_skin;friendly_style
super_skin;automatic_help
super_skin;nice_economics
super_skin;hot_assistance
super_skin;happy_analysis
electrical_mom;every_lesson
electrical_mom;strong_paint
electrical_mom;mother_track
electrical_mom;immediate_regret
electrical_mom;rare_fishing
electrical_mom;temporary_boot
electrical_mom;winter_brain
electrical_mom;main_hire
electrical_gene;car_quiet
electrical_gene;mad_politics
electrical_gene;prior_volume
electrical_gene;double_reach
electrical_gene;foreign_park
electrical_gene;numerous_nature
true_employ;valuable_fruit
true_employ;exact_comfortable
true_employ;impressive_stranger
true_employ;able_cookie
true_employ;administrative_hire
true_employ;heavy_singer
true_employ;character_track
true_employ;accurate_specific
true_employ;free_occasion
true_employ;various_bath
true_employ;prior_application
true_employ;glad_bag
true_employ;status_member
true_employ;unfair_conference
yellow_cow;money_man
yellow_cow;big_struggle
yellow_cow;strict_debt
yellow_cow;anxious_leave
yellow_cow;smooth_stable
yellow_cow;cute_shake
young_contribution;original_interest
young_contribution;capital_movie
young_contribution;short_strip
young_contribution;key_industry
young_contribution;red_concept
young_contribution;ready_marketing
young_contribution;working_pollution
young_contribution;trick_help
young_contribution;sweet_lie
young_contribution;famous_presence
young_contribution;unhappy_put
young_contribution;quick_whole
young_contribution;main_notice
young_contribution;strict_rip
young_contribution;only_finance
young_contribution;helpful_box
young_contribution;terrible_file
general_community;remarkable_message
general_community;previous_inflation
general_community;still_unique
general_community;some_advertising
better_outside;quick_birth
better_outside;otherwise_lock
better_outside;motor_percentage
better_outside;accurate_nasty
better_outside;apart_bowl
better_outside;nice_split
better_outside;correct_lead
better_outside;capable_paint
maximum_salt;money_quality
maximum_salt;dramatic_ride
maximum_salt;subject_grandmother
maximum_salt;powerful_turn
maximum_salt;spare_age
maximum_salt;financial_command
maximum_salt;safe_department
maximum_salt;acceptable_temperature
maximum_salt;kind_classic
maximum_salt;adult_chicken
this_minute;what_subject
this_minute;amazing_keep
this_minute;unfair_direction
this_minute;think_number
this_minute;over_wood
this_minute;basic_internal
this_minute;novel_physics
this_minute;enough_salt
sorry_hell;glad_heavy
sorry_hell;square_guess
sorry_hell;creative_bird
sorry_hell;background_sister
sorry_hell;much_police
sorry_hell;necessary_boat
sorry_hell;brave_exchange
sorry_hell;low_community
red_maximum;straight_complex
red_maximum;glass_calm
red_maximum;competitive_painting
red_maximum;hour_pipe
red_maximum;visual_field
red_maximum;chance_child
previous_swing;mental_employer
previous_swing;loose_official
previous_swing;fair_ear
previous_swing;open_incident
unique_solution;super_airline
unique_solution;proof_possible
unique_solution;hour_appointment
unique_solution;narrow_independent
unique_solution;accurate_general
unique_solution;nervous_garden
unique_solution;green_emergency
unique_solution;natural_proof
white_lock;silly_single
white_lock;remarkable_branch
white_lock;horror_flight
white_lock;poor_day
white_lock;home_term
white_lock;open_future
exciting_gather;hot_text
exciting_gather;good_appearance
exciting_gather;technical_desire
exciting_gather;ill_external
exciting_gather;only_will
exciting_gather;silly_blank
silly_handle;plus_accident
silly_handle;connect_cabinet
silly_handle;new_sympathy
objective_meaning;hot_product
objective_meaning;red_chemistry
objective_meaning;material_function
objective_meaning;quick_wash
objective_meaning;united_green
objective_meaning;chemical_income
fresh_press;physical_produce
fresh_press;plenty_success
fresh_press;status_screen
fresh_press;recent_politics
junior_anger;historical_aspect
junior_anger;spare_highlight
junior_anger;medium_policy
junior_anger;wrong_procedure
junior_anger;motor_abuse
junior_anger;famous_medicine
personal_dear;trick_place
personal_dear;vegetable_activity
personal_dear;significant_partner
personal_dear;express_college
personal_dear;comfortable_culture
personal_dear;dirty_interaction
personal_dear;street_traffic
personal_dear;wrong_delay
illegal_key;little_history
illegal_key;special_mall
illegal_key;weak_profit
illegal_key;chicken_obligation
helpful_understanding;what_subject
helpful_understanding;fun_finding
helpful_understanding;female_shake
helpful_understanding;eastern_dance
helpful_understanding;dry_son
helpful_understanding;strange_church
dear_pressure;loud_silly
dear_pressure;strong_paint
dear_pressure;false_champion
dear_pressure;frequent_throat
dear_pressure;nearby_dust
dear_pressure;constant_pain
dear_pressure;time_extension
financial_refrigerator;positive_department
financial_refrigerator;opposite_bat
financial_refrigerator;select_theory
financial_refrigerator;strange_passenger
financial_refrigerator;opening_towel
financial_refrigerator;distinct_refuse
plenty_inspector;inner_trouble
plenty_inspector;full_choice
plenty_inspector;neat_charge
plenty_inspector;sensitive_roof
plenty_inspector;overall_female
super_way;sharp_invite
super_way;efficient_tune
super_way;top_night
super_way;agent_pressure
super_way;extreme_potential
super_way;straight_college
super_way;relevant_member
super_way;unable_interview
psychological_theme;direct_challenge
psychological_theme;critical_sand
psychological_theme;big_run
psychological_theme;only_development
psychological_theme;every_technology
psychological_theme;busy_football
these_standard;maximum_reward
these_standard;guilty_error
these_standard;wooden_you
these_standard;less_cup
these_standard;automatic_ability
these_standard;yellow_chance
these_standard;weird_being
sad_interview;brief_floor
sad_interview;comprehensive_alternative
sad_interview;due_wish
sad_interview;routine_video
sad_interview;long_mixture
sad_interview;specific_rain
sad_interview;due_office
sad_interview;trick_champion
sad_interview;healthy_unique
sad_interview;general_book
sad_interview;mean_signal
sad_interview;famous_medicine
feeling_maintenance;either_machine
feeling_maintenance;more_leadership
feeling_maintenance;working_perspective
feeling_maintenance;gold_chip
feeling_maintenance;desperate_reputation
feeling_maintenance;which_release
feeling_maintenance;neither_train
feeling_maintenance;leather_bug
particular_farmer;happy_peak
particular_farmer;foreign_park
particular_farmer;last_relation
particular_farmer;general_mistake
particular_farmer;mission_fail
particular_farmer;strict_white
particular_farmer;sorry_society
dead_wrap;economy_chemistry
dead_wrap;scared_friendship
dead_wrap;commercial_head
dead_wrap;real_concern
dead_wrap;round_hearing
dead_wrap;negative_comment
dead_wrap;leading_independence
dead_wrap;old_wood
dead_wrap;strange_passenger
dead_wrap;business_cake
physical_classroom;curious_bunch
physical_classroom;dirty_attempt
physical_classroom;realistic_negative
physical_classroom;far_boot
physical_classroom;public_boyfriend
realistic_press;accurate_search
realistic_press;expensive_teach
realistic_press;scared_boot
realistic_press;competitive_training
frequent_revenue;impossible_limit
frequent_revenue;clear_person
frequent_revenue;little_history
frequent_revenue;interesting_employment
frequent_revenue;waste_switch
frequent_revenue;loose_package
frequent_revenue;deep_inspector
frequent_revenue;some_combine
frequent_revenue;impressive_basis
frequent_revenue;visual_road
frequent_revenue;little_touch
frequent_revenue;formal_ball
frequent_revenue;busy_opportunity
weird_blue;powerful_kid
weird_blue;dependent_share
weird_blue;aggressive_quantity
weird_blue;key_impression
weird_blue;work_string
beginning_wood;heavy_rule
beginning_wood;warm_substance
beginning_wood;potential_thanks
beginning_wood;live_cover
beginning_wood;aggressive_quantity
beginning_wood;general_mistake
beginning_wood;proper_career
beginning_wood;short_major
beginning_wood;only_glad
beginning_wood;best_inflation
weak_profit;purple_address
weak_profit;embarrassed_glove
weak_profit;mother_instance
weak_profit;royal_opinion
weak_profit;weird_silly
weak_profit;kitchen_warning
weak_profit;plus_mate
weak_profit;proper_year
weak_profit;frequent_context
spiritual_wonder;every_lesson
spiritual_wonder;both_red
spiritual_wonder;strict_stay
spiritual_wonder;wise_brother
spiritual_wonder;appropriate_spot
spiritual_wonder;best_sample
spiritual_wonder;famous_indication
spiritual_wonder;additional_trade
spiritual_wonder;then_garden
sorry_judgment;budget_scale
sorry_judgment;kitchen_international
sorry_judgment;wild_bear
sorry_judgment;away_doubt
sorry_judgment;shot_midnight
sorry_judgment;front_amount
sorry_judgment;pleasant_father
sorry_judgment;time_bone
sorry_judgment;dark_education
sorry_judgment;agent_relative
sorry_judgment;holiday_priority
first_skirt;pregnant_promotion
first_skirt;cute_voice
first_skirt;day_anxiety
first_skirt;game_degree
first_skirt;lonely_drama
first_skirt;critical_district
first_skirt;mad_suit
extra_variation;apart_pair
extra_variation;routine_classic
extra_variation;open_season
extra_variation;powerful_nasty
extra_variation;purple_credit
extra_variation;private_concept
usual_inspection;designer_screen
usual_inspection;entire_bit
usual_inspection;mobile_brilliant
usual_inspection;safe_ambition
usual_inspection;first_go
usual_inspection;empty_particular
usual_inspection;known_essay
usual_inspection;better_substance
usual_inspection;another_concept
male_second;beginning_access
male_second;few_personal
male_second;soft_mail
male_second;fresh_draw
male_second;latter_rate
male_second;capable_base
male_second;better_basket
male_second;best_death
male_second;quick_extent
relative_engineering;similar_closet
relative_engineering;unusual_stand
relative_engineering;sudden_royal
relative_engineering;usual_international
relative_engineering;competitive_switch
relative_engineering;willing_public
relative_engineering;action_fat
relative_engineering;due_object
relative_engineering;what_responsibility
relative_engineering;lucky_video
relative_engineering;other_wealth
relative_engineering;top_grade
relative_engineering;upset_series
remote_cap;top_wall
remote_cap;round_win
remote_cap;beginning_mortgage
remote_cap;empty_wave
remote_cap;incident_structure
remote_cap;kitchen_safety
rich_surround;minimum_election
rich_surround;suspicious_increase
rich_surround;drunk_queen
rich_surround;little_event
rich_surround;after_date
rich_surround;full_application
rich_surround;strange_passenger
rich_surround;mental_fail
rich_surround;initial_wear
rich_surround;sure_poet
administrative_son;relevant_growth
administrative_son;enough_unique
administrative_son;parking_sugar
administrative_son;away_preference
administrative_son;impressive_potato
administrative_son;ready_poet
administrative_son;past_bottle
administrative_son;historical_usual
administrative_son;numerous_let
unfair_key;visual_machine
unfair_key;active_resource
unfair_key;ready_attack
unfair_key;real_concern
unfair_key;official_double
unfair_key;sufficient_hand
unfair_key;funny_original
powerful_kid;certain_remote
powerful_kid;leading_bed
powerful_kid;sweet_calendar
powerful_kid;home_spray
powerful_kid;mission_prior
powerful_kid;dry_rich
powerful_kid;what_copy
mother_instance;sexual_orange
mother_instance;select_business
mother_instance;such_hire
mother_instance;tight_kiss
mother_instance;secret_stress
mother_instance;administrative_dog
mother_instance;independent_touch
mother_instance;born_attack
budget_expression;minimum_prize
budget_expression;fine_objective
budget_expression;willing_politics
budget_expression;expensive_note
budget_expression;tough_roof
budget_expression;direct_living
budget_expression;smooth_net
budget_expression;many_county
budget_expression;particular_bother
material_choice;training_bad
material_choice;slight_preference
material_choice;rich_crack
material_choice;tiny_attempt
material_choice;wide_sky
material_choice;slow_communication
material_choice;able_sad
material_choice;lower_raise
future_draw;false_remove
future_draw;brilliant_move
future_draw;huge_title
future_draw;famous_original
future_draw;clear_conflict
future_draw;signal_possession
future_draw;past_bottle
massive_emergency;live_quiet
massive_emergency;proper_advertising
massive_emergency;tough_elevator
massive_emergency;initial_policy
narrow_cry;choice_knee
narrow_cry;beginning_distribution
narrow_cry;which_corner
narrow_cry;foreign_death
narrow_cry;ill_hour
narrow_cry;desperate_source
work_office;pleasant_emotion
work_office;nearby_mom
work_office;electronic_phrase
work_office;good_neat
work_office;royal_pay
many_clock;used_mall
many_clock;real_notice
many_clock;salt_ear
many_clock;over_exercise
many_clock;funny_file
square_essay;last_most
square_essay;common_gap
square_essay;temporary_network
square_essay;little_listen
square_essay;international_post
square_essay;present_possible
square_essay;efficient_gather
square_essay;strict_quality
square_essay;even_pack
square_essay;fine_burn
square_essay;aggressive_setting
only_major;expert_cross
only_major;dead_soup
only_major;exciting_training
only_major;accurate_team
only_major;cool_tear
only_major;open_incident
only_major;hour_peak
only_major;responsible_question
only_major;large_owner
only_major;joint_half
signal_protection;action_final
signal_protection;alone_handle
signal_protection;chance_face
signal_protection;slow_paper
signal_protection;each_cry
signal_protection;then_company
signal_protection;dark_education
signal_protection;useful_session
shot_tea;unfair_click
shot_tea;spare_highlight
shot_tea;important_blame
shot_tea;rich_disaster
shot_tea;kitchen_safety
common_engine;sick_mention
common_engine;equivalent_maybe
common_engine;logical_order
common_engine;financial_loss
common_engine;official_woman
common_engine;designer_job
environmental_calendar;large_upper
environmental_calendar;private_classic
environmental_calendar;savings_order
environmental_calendar;unique_student
substantial_professor;apart_relation
substantial_professor;medium_policy
substantial_professor;stock_summer
substantial_professor;complete_revolution
substantial_professor;powerful_hearing
substantial_professor;brief_significance
substantial_professor;physical_address
substantial_professor;minor_surprise
substantial_professor;impossible_comparison
substantial_professor;cold_pin
substantial_professor;technical_exercise
substantial_professor;front_fishing
slow_communication;soft_bench
slow_communication;formal_kitchen
slow_communication;salt_cancer
slow_communication;many_appointment
slow_communication;agent_sign
unfair_pick;civil_divide
unfair_pick;flat_customer
unfair_pick;relevant_credit
unfair_pick;front_golf
unfair_pick;external_gap
unfair_pick;least_vegetable
unfair_pick;trick_help
unfair_pick;used_pass
unfair_pick;kind_hello
drunk_policy;home_go
drunk_policy;any_top
drunk_policy;designer_equivalent
drunk_policy;certain_smile
drunk_policy;street_pause
drunk_policy;commercial_response
tight_horror;immediate_mark
tight_horror;choice_special
tight_horror;loud_sex
tight_horror;electrical_mom
tight_horror;money_importance
tight_horror;local_fun
famous_medicine;asleep_star
famous_medicine;white_taste
famous_medicine;emotional_pound
famous_medicine;angry_drama
famous_medicine;own_improvement
weak_boat;willing_fact
weak_boat;expensive_counter
weak_boat;angry_representative
weak_boat;downtown_bicycle
weak_boat;wonderful_function
brown_future;ideal_bridge
brown_future;key_impression
brown_future;parking_metal
brown_future;whole_walk
brown_future;only_development
brown_future;asleep_size
working_phone;commercial_tea
working_phone;open_season
working_phone;chemical_process
working_phone;fun_group
working_phone;hungry_target
raw_visit;global_single
raw_visit;kind_classic
money_food;emergency_door
money_food;hard_simple
money_food;open_version
money_food;political_growth
money_food;old_wood
money_food;neither_mate
money_food;shot_pound
money_food;specialist_pull
female_category;typical_mud
female_category;legal_perception
female_category;unique_solution
female_category;ordinary_essay
female_category;frequent_escape
female_category;fast_script
female_category;salt_alternative
female_category;smart_spread
female_category;distinct_motor
mean_scheme;healthy_brown
mean_scheme;dramatic_log
mean_scheme;representative_sleep
mean_scheme;chance_face
mean_scheme;administrative_library
mean_scheme;lower_relief
mean_scheme;flat_net
mean_scheme;acceptable_owner
mean_scheme;mountain_hello
mean_scheme;whole_kind
open_project;equal_wing
open_project;financial_spend
open_project;proper_prize
open_project;reasonable_general
open_project;active_gas
open_project;maximum_preference
open_project;external_silver
open_project;illegal_worker
open_project;technical_bother
open_project;top_purpose
independent_pair;pleasant_door
independent_pair;sensitive_consist
independent_pair;tough_face
independent_pair;eastern_record
independent_pair;afternoon_question
independent_pair;hot_excuse
dependent_creative;dear_pizza
dependent_creative;inner_blood
dependent_creative;cultural_entrance
dependent_creative;own_fishing
dependent_creative;frequent_move
dependent_creative;extreme_lie
dependent_creative;long_change
original_jump;efficient_extent
original_jump;aggressive_quantity
original_jump;according_keep
original_jump;round_issue
original_jump;think_video
original_jump;narrow_significance
original_jump;safe_tax
original_jump;native_truth
original_jump;famous_medicine
original_jump;accurate_winner
personal_size;comprehensive_alternative
personal_size;efficient_nobody
personal_size;thick_situation
personal_size;old_sale
personal_size;short_arm
personal_size;little_sink
personal_size;other_burn
personal_size;alternative_style
personal_size;complex_set
personal_size;scared_tank
perfect_brain;upper_temporary
perfect_brain;which_permit
perfect_brain;only_plan
perfect_brain;pregnant_share
perfect_brain;existing_debt
perfect_brain;mountain_cap
perfect_brain;natural_property
perfect_brain;basic_land
perfect_brain;game_personal
perfect_brain;living_bit
perfect_brain;weird_star
perfect_brain;used_shelter
sure_advantage;cheap_patience
sure_advantage;external_prompt
sure_advantage;complex_detail
sure_advantage;more_meat
sure_advantage;training_quantity
sure_advantage;equivalent_cash
unhappy_act;royal_classic
unhappy_act;minute_low
unhappy_act;reasonable_resist
unhappy_act;poor_road
unhappy_act;wild_dance
short_strip;express_permit
short_strip;general_instance
short_strip;minute_claim
short_strip;inside_pitch
short_strip;left_charity
short_strip;holiday_challenge
short_strip;primary_minute
short_strip;several_alcohol
famous_art;financial_loss
famous_art;tall_assumption
famous_art;patient_dust
sweet_wood;top_party
sweet_wood;emotional_closet
sweet_wood;angry_math
sweet_wood;upper_picture
sweet_wood;straight_principle
sweet_wood;false_error
sweet_wood;downtown_boot
scared_friend;rough_bite
scared_friend;which_failure
scared_friend;wooden_psychology
scared_friend;weird_attempt
scared_friend;much_proposal
scared_friend;fine_disaster
ugly_revenue;tough_judgment
ugly_revenue;horror_flight
ugly_revenue;scared_ease
ugly_revenue;pretend_boy
ugly_revenue;helpful_phone
ugly_revenue;visual_feed
ugly_revenue;final_regret
minimum_temperature;significant_calendar
minimum_temperature;environmental_matter
minimum_temperature;mad_suit
minimum_temperature;funny_original
mental_performance;vegetable_song
mental_performance;rough_resource
mental_performance;big_drawer
mental_performance;empty_cancer
mental_performance;more_body
mental_performance;vegetable_dog
desperate_description;joint_youth
desperate_description;fine_objective
desperate_description;dry_permit
desperate_description;administrative_library
desperate_description;complete_kill
desperate_description;medium_contribution
desperate_description;work_string
desperate_description;still_valuable
desperate_description;famous_expert
dramatic_message;main_garage
dramatic_message;subject_till
dramatic_message;both_welcome
dramatic_message;these_support
dramatic_message;historical_sensitive
dramatic_message;substantial_fun
dramatic_message;incident_bus
individual_she;lonely_shake
individual_she;visual_native
individual_she;ugly_give
individual_she;angry_clue
individual_she;middle_love
stupid_luck;future_divide
stupid_luck;left_girlfriend
stupid_luck;historical_chest
stupid_luck;careful_reception
stupid_luck;action_news
stupid_luck;primary_platform
stupid_luck;leading_go
stupid_luck;fine_kind
game_personal;trick_place
game_personal;choice_assumption
game_personal;common_spend
game_personal;future_call
game_personal;complete_song
game_personal;gross_negotiation
game_personal;secure_post
glass_solution;remote_cup
glass_solution;material_farmer
glass_solution;all_category
glass_solution;late_husband
glass_solution;public_block
glass_solution;different_analyst
human_worry;similar_introduction
human_worry;medium_brain
human_worry;complex_original
human_worry;proper_possibility
human_worry;silver_money
human_worry;cute_winner
human_worry;what_string
human_worry;certain_pop
human_worry;historical_alcohol
human_worry;numerous_radio
human_worry;ill_external
human_worry;wide_police
upset_will;loose_official
upset_will;much_stroke
upset_will;political_earth
upset_will;difficult_order
upset_will;western_line
upset_will;enough_pot
upset_will;joint_dance
upset_will;technical_shot
upset_will;chemical_income
useful_pie;due_wish
useful_pie;less_tale
useful_pie;beginning_arrival
useful_pie;medium_flower
useful_pie;realistic_negative
useful_pie;soft_bench
useful_pie;think_line
useful_pie;opening_you
useful_pie;soft_fortune
useful_pie;extension_sentence
useful_pie;willing_basket
money_grab;similar_closet
money_grab;raw_bar
money_grab;little_history
money_grab;grand_service
money_grab;amazing_struggle
money_grab;previous_neat
equivalent_reflection;known_hello
equivalent_reflection;distinct_salad
equivalent_reflection;long_mixture
equivalent_reflection;positive_glove
equivalent_reflection;individual_art
equivalent_reflection;scared_commercial
equivalent_reflection;dear_background
grand_cancel;natural_association
grand_cancel;asleep_jury
grand_cancel;angry_representative
grand_cancel;this_minute
grand_cancel;slow_pizza
independent_member;dependent_way
independent_member;pretty_mud
independent_member;proper_benefit
independent_member;proof_bake
independent_member;away_brief
independent_member;still_unique
loud_leather;that_salad
loud_leather;massive_accident
loud_leather;firm_strike
loud_leather;familiar_whole
loud_leather;valuable_philosophy
loud_leather;clear_smell
loud_leather;pregnant_profit
loud_leather;lost_explanation
loud_leather;political_opposite
loud_leather;grand_priority
loud_leather;able_nasty
nice_yard;reasonable_efficiency
nice_yard;impressive_laugh
nice_yard;raw_fruit
nice_yard;general_responsibility
nice_yard;direct_cloud
nice_yard;hard_success
nice_yard;still_unique
nice_yard;only_finance
nice_yard;thin_highway
south_stroke;straight_cap
south_stroke;calm_hold
south_stroke;potential_repair
south_stroke;powerful_claim
south_stroke;adult_conclusion
south_stroke;most_tension
sudden_royal;both_layer
sudden_royal;late_sea
sudden_royal;inner_trouble
sudden_royal;quick_sister
sudden_royal;real_worth
sudden_royal;silly_disease
sudden_royal;leading_platform
sudden_royal;quick_dog
sudden_royal;fine_process
sudden_royal;odd_number
sudden_royal;basic_pollution
front_log;willing_fact
front_log;realistic_paper
front_log;leather_media
front_log;busy_director
silver_age;upper_routine
silver_age;inevitable_attitude
silver_age;aggressive_activity
silver_age;slight_parent
silver_age;novel_industry
silver_age;apart_condition
silver_age;opening_towel
male_rise;old_low
male_rise;entire_disease
male_rise;short_opposite
male_rise;airline_lunch
male_rise;asleep_internet
male_rise;proper_garden
male_rise;mental_dream
male_rise;evening_buyer
male_rise;previous_neat
thin_safe;initial_anger
thin_safe;material_slice
thin_safe;temporary_other
thin_safe;glad_word
thin_safe;routine_video
thin_safe;beginning_contribution
thin_safe;much_stroke
thin_safe;private_bake
thin_safe;inevitable_independent
thin_safe;fast_gather
thin_safe;major_refuse
other_battle;perfect_fall
stock_while;nearby_risk
stock_while;political_request
stock_while;correct_beyond
stock_while;alone_read
stock_while;natural_music
stock_while;weak_neck
stock_while;negative_scene
stock_while;status_marketing
great_march;educational_inevitable
great_march;sure_economy
great_march;odd_variation
great_march;few_possession
great_march;fat_tomorrow
great_march;airline_dinner
spiritual_inside;apart_relation
spiritual_inside;just_play
spiritual_inside;material_dump
spiritual_inside;significant_extension
spiritual_inside;proof_forever
spiritual_inside;other_most
spiritual_inside;educational_raw
spiritual_inside;stupid_till
spiritual_inside;brilliant_bathroom
connect_cabinet;due_miss
connect_cabinet;agent_nerve
connect_cabinet;internal_work
overall_environment;federal_club
overall_environment;frequent_revenue
overall_environment;royal_plant
overall_environment;confident_thing
overall_environment;choice_special
overall_environment;empty_engineer
overall_environment;international_web
overall_environment;narrow_basket
ill_extension;nearby_somewhere
ill_extension;such_view
ill_extension;ok_capital
ill_extension;tiny_working
ill_extension;aware_trip
ill_extension;wonderful_investment
ill_extension;informal_tower
ill_extension;curious_comment
negative_mountain;environmental_dig
negative_mountain;adult_maximum
negative_mountain;these_support
negative_mountain;every_attention
negative_mountain;neither_train
negative_mountain;then_district
negative_mountain;upstairs_summer
negative_mountain;master_storm
negative_mountain;unique_royal
negative_mountain;designer_direction
negative_mountain;southern_river
weak_machine;necessary_clock
weak_machine;external_communication
weak_machine;open_interest
weak_machine;natural_hurt
weak_machine;then_lady
weak_machine;sweet_floor
weak_machine;several_tale
external_affair;chance_machine
external_affair;objective_lock
external_affair;narrow_roof
external_affair;vegetable_presence
external_affair;dangerous_coach
external_affair;tiny_attempt
external_affair;flat_painting
external_affair;better_feeling
external_affair;pleasant_emotion
external_affair;ready_knee
external_affair;routine_race
external_affair;calm_dead
obvious_recipe;terrible_variation
obvious_recipe;public_database
obvious_recipe;unhappy_independence
obvious_recipe;smooth_cup
obvious_recipe;extra_still
obvious_recipe;royal_rush
pregnant_confusion;future_divide
pregnant_confusion;slow_climate
pregnant_confusion;designer_housing
pregnant_confusion;dry_chip
pregnant_confusion;sad_ball
pregnant_confusion;narrow_significance
pregnant_confusion;nearby_dust
pregnant_confusion;nice_finance
pregnant_confusion;round_unique
lucky_moment;expensive_counter
lucky_moment;silver_appeal
lucky_moment;top_wall
lucky_moment;every_lesson
lucky_moment;which_sky
lucky_moment;spare_private
lucky_moment;think_ear
lucky_moment;competitive_desk
lucky_moment;game_personal
lucky_moment;kitchen_jump
lucky_moment;whole_dependent
lucky_moment;east_poet
inevitable_glove;accurate_pitch
inevitable_glove;current_hour
inevitable_glove;period_distribution
inevitable_glove;appropriate_storage
inevitable_glove;initial_credit
inevitable_glove;tiny_man
inevitable_glove;junior_motor
critical_pay;particular_exchange
critical_pay;certain_spot
critical_pay;pure_march
critical_pay;useful_session
critical_pay;salt_joke
plus_mate;less_management
plus_mate;born_character
plus_mate;powerful_nasty
plus_mate;forward_shake
plus_mate;commercial_presentation
extension_length;ago_conversation
extension_length;legal_physical
extension_length;suspicious_focus
extension_length;consistent_peak
extension_length;pure_role
extension_length;available_air
extension_length;pleasant_consideration
extension_length;consistent_reputation
extension_length;alive_revenue
extension_length;main_specialist
ok_beautiful;decent_access
ok_beautiful;day_catch
future_desire;status_round
future_desire;pure_put
future_desire;spare_imagination
future_desire;serious_hat
future_desire;independent_pair
future_desire;private_classic
future_desire;visible_assignment
future_desire;visual_love
inner_variety;psychological_tone
inner_variety;business_green
inner_variety;think_sink
inner_variety;much_stroke
inner_variety;equivalent_sail
inner_variety;electrical_constant
extension_brain;emotional_bar
extension_brain;better_ground
extension_brain;familiar_schedule
extension_brain;federal_requirement
extension_brain;fresh_hide
extension_brain;better_lesson
extension_brain;dear_bat
either_thought;top_divide
either_thought;physical_wedding
either_thought;money_grocery
either_thought;any_top
either_thought;some_combine
either_thought;extreme_potential
either_thought;unfair_assistant
either_thought;pretty_shot
either_thought;lucky_doctor
connect_gate;rich_resort
connect_gate;prior_volume
connect_gate;entire_bit
connect_gate;commercial_response
connect_gate;effective_oven
entire_possibility;total_whole
entire_possibility;poor_search
entire_possibility;suitable_dot
entire_possibility;true_beautiful
entire_possibility;key_subject
entire_possibility;savings_quiet
entire_possibility;agent_sign
novel_expert;scared_sell
novel_expert;soft_account
novel_expert;dress_stick
novel_expert;standard_fly
novel_expert;federal_piano
novel_expert;hard_success
novel_expert;anxious_historian
novel_expert;used_celebration
novel_expert;chance_swim
worth_safe;neat_patient
worth_safe;few_speaker
worth_safe;fat_answer
worth_safe;round_unique
bitter_pound;middle_rain
bitter_pound;animal_point
bitter_pound;heavy_fee
bitter_pound;funny_laugh
bitter_pound;distinct_final
bitter_pound;simple_opening
narrow_significance;desperate_animal
narrow_significance;tough_man
narrow_significance;main_tension
narrow_significance;think_fortune
narrow_significance;car_volume
narrow_significance;professional_water
narrow_significance;known_difficulty
narrow_significance;lonely_committee
narrow_significance;kitchen_safety
narrow_significance;silver_goal
narrow_significance;work_string
medium_district;confident_disaster
medium_district;nearby_cheek
medium_district;sick_edge
medium_district;general_club
medium_district;annual_principle
medium_district;time_extension
background_top;quick_sister
background_top;private_alarm
background_top;material_sentence
background_top;top_quiet
background_top;proper_garden
background_top;mental_dream
background_top;mobile_sport
background_top;pretty_shot
background_top;late_husband
large_owner;useful_pin
large_owner;aware_freedom
large_owner;close_uncle
large_owner;realistic_negative
large_owner;entire_information
large_owner;live_championship
large_owner;sad_situation
large_owner;commercial_presentation
large_owner;suitable_due
game_degree;right_time
game_degree;either_thought
game_degree;prior_expert
game_degree;glad_word
game_degree;beginning_arrival
game_degree;latter_challenge
game_degree;federal_spring
game_degree;secret_bicycle
game_degree;physical_shop
proof_influence;pretend_baby
proof_influence;potential_thanks
proof_influence;some_roll
proof_influence;gross_step
proof_influence;remarkable_bridge
proof_influence;chicken_responsibility
proof_influence;professional_clothes
ideal_cousin;simple_association
ideal_cousin;impressive_stranger
ideal_cousin;valuable_part
ideal_cousin;proper_seat
ideal_cousin;ok_sister
ideal_cousin;expert_young
ideal_cousin;large_chapter
safe_soil;green_kick
safe_soil;choice_membership
safe_soil;dead_activity
safe_soil;content_cookie
safe_soil;additional_chest
safe_soil;equal_attempt
ago_working;historical_estate
ago_working;complex_media
ago_working;classic_area
ago_working;lucky_order
ago_working;mental_performance
ago_working;mobile_surround
political_inflation;administrative_stomach
political_inflation;simple_club
political_inflation;mobile_click
political_inflation;horror_security
political_inflation;downtown_birthday
political_inflation;red_audience
political_inflation;nervous_garden
fun_user;sure_weird
fun_user;fresh_virus
fun_user;unusual_score
fun_user;scared_boot
fun_user;political_earth
fun_user;yellow_gain
fun_user;yellow_name
fun_user;nervous_fill
fun_user;emotional_drink
fun_user;inevitable_cry
decent_room;emotional_closet
decent_room;embarrassed_boat
decent_room;shot_policy
decent_room;white_crazy
decent_room;mountain_thanks
away_safety;practical_weird
away_safety;human_cloud
away_safety;powerful_claim
away_safety;equal_profile
away_safety;nervous_dump
away_safety;silly_disease
away_safety;annual_orange
away_safety;home_mud
away_safety;winter_commercial
away_safety;appropriate_feature
away_safety;historical_usual
visual_abuse;strange_media
visual_abuse;empty_object
visual_abuse;vegetable_chance
visual_abuse;quick_queen
visual_abuse;fun_tough
visual_abuse;what_judge
visual_abuse;severe_mention
visual_abuse;hour_a
born_help;double_exchange
born_help;illegal_struggle
born_help;dry_join
born_help;quick_other
own_guitar;purple_address
own_guitar;dark_resist
own_guitar;visible_escape
own_guitar;wild_program
own_guitar;incident_combine
own_guitar;high_earth
own_guitar;purple_importance
own_guitar;embarrassed_song
hungry_engineer;brief_floor
hungry_engineer;enough_male
hungry_engineer;extreme_lie
hungry_engineer;party_philosophy
guilty_inevitable;positive_eye
guilty_inevitable;national_upper
express_organization;false_pain
express_organization;close_enthusiasm
express_organization;winter_chart
express_organization;entire_judge
express_organization;anxious_sky
express_organization;glass_site
express_organization;hard_bank
live_championship;active_expert
live_championship;specific_shape
live_championship;new_revenue
live_championship;evening_spot
