Fitness;0
Running;0
Health;0
Skiing;1
Winter Sports;1
Sports;2
Running;2
Marathon;3
Running;3
Hobby;4
Health;5
Sleep;5
Language Learning;6
Education;6
Cooking;7
Recipe;7
Meditation;8
Mindfulness;8
Language Learning;9
Spanish;9
Sport;10
Tennis;10
Music;11
Album;11
New Release;11
Music;12
Favorites;12
Hiking;13
Nature;13
Hiking;14
Outdoors;14
Basketball;15
Sports;15
Music;16
Guitar;16
Fitness;17
Exercise;17
Healthy Living;17
Fitness;18
Health;18
Hiking;19
Nature;19
Language;20
Culture;20
Learning;20
Language Learning;21
Personal Growth;21
Language Learning;22
Spanish;22
Art;23
Painting;23
Hobby;23
Yoga;24
Stress Relief;24
Language Learning;25
Challenges;25
Travel;26
Solo Travel;26
Memory;27
Brain;27
Food;28
Sushi;28
Language Learning;29
Spanish;29
Music;30
Learning;30
Skiing;31
Winter Sports;31
Language Learning;32
Personal Development;32
Learning;33
Personal Growth;33
Travel;34
Nature;34
Cooking;35
Career;35
Language Learning;36
Tips;36
Language Learning;37
Tips;37
Skydiving;38
Adventure;38
Travel;39
Paris;39
Cooking;40
Recipe;40
Food;40
Adventure;41
Thrill-Seeking;41
Cooking;42
Food;42
Music;43
Rock;43
Skydiving;44
Adventure;44
Fear;44
Music;45
Guitar;45
Language Learning;46
French;46
Sushi;47
Food;47
Exercise;48
Health;48
Fitness;49
Exercise;49
Sports;50
Marathon;50
Fitness;51
Healthy Lifestyle;51
Language Learning;52
Spanish;52
Travel;53
Adventure;53
Running;54
Fitness;54
Meditation;55
Mindfulness;55
Hiking;56
Nature;56
Music;57
Piano;57
Reading;58
Self-Improvement;58
Running;59
Fitness;59
Language Learning;60
Benefits;60
Hiking;61
Outdoors;61
Yoga;62
Fitness;62
Adventure;63
Sports;63
Cooking;64
Food;64
Hiking;65
Nature;65
Travel;66
Self-discovery;66
Sports;67
Fitness;67
Piano;68
Music;68
Learning;68
Hiking;69
Nature;69
Mountains;69
Language Learning;70
Self-improvement;70
Meditation;71
Mental Health;71
Hiking;72
Outdoors;72
Fitness;73
Healthy Lifestyle;73
Bungee Jumping;74
Adventure;74
Photography;75
Nature;75
Sports;76
Rock Climbing;76
Music;77
Language Learning;78
Spanish;78
Language Learning;79
French;79
Skydiving;80
Adventure;80
Language Learning;81
Spanish;81
Hiking;82
Nature;82
Language Learning;83
Skiing;84
Winter Sports;84
Hiking;85
Nature;85
Cooking;86
Quarantine;86
Travel;87
Solo Travel;87
Surfing;88
Beach;88
Travel;89
Solo Travel;89
Skydiving;90
Adventure;90
Meditation;91
Mindfulness;91
Meditation;92
Mindfulness;92
Hiking;93
Nature;93
Sports;94
Favorite;94
Cooking;95
Recipes;95
Food;95
Running;96
Exercise;96
Healthy Lifestyle;96
Marathon;97
Fitness;97
Running;98
Marathon;98
Exercise;99
Health;99
Music;100
Festival;100
yoga;101
health;101
mindfulness;101
Health;102
Exercise;102
Fitness;102
Rock Climbing;103
Sports;103
Running;104
Fitness;104
Health;104
Food;105
Pizza;105
Cooking;106
Food;106
Adventure;107
Sports;107
Skiing;108
Winter Sports;108
Health;109
Nutrition;109
Productivity;110
Time Management;110
Goal Setting;110
Hiking;111
Nature;111
Language;112
Education;112
Sports;113
Tennis;113
Travel;114
Japan;114
outdoors;115
hiking;115
camping;115
fishing;115
Health;116
Vegetarianism;116
Language Learning;117
Tips;117
Fitness;118
Exercise;118
Health;118
Music;119
Favorite Genre;119
Music;120
Rock;120
Sports;121
Marathon;121
Running;122
Fitness;122
Hiking;123
Nature;123
Travel;124
Europe;124
Language Learning;125
Tips;125
Marathon;126
Running;126
Rock Climbing;127
Sports;127
Marathon;128
Running;128
Running;129
Fitness;129
Meditation;130
Mindfulness;130
Music;131
Jazz;131
Blues;131
Travel;132
Beach;132
Music;133
Piano;133
Hiking;134
Nature;134
Travel;135
Adventure;135
Music;136
Concert;136
Scuba Diving;137
Adventure;137
Language Learning;138
French;138
Running;139
Exercise;139
Language Learning;140
Personal Development;140
Language Learning;141
Spanish;141
Beach;142
Vacation;142
Language Learning;143
Spanish;143
Yoga;144
Health;144
Sports;145
Basketball;145
Sport;146
Tennis;146
Yoga;147
Health;147
Science;148
Education;148
Hiking;149
Nature;149
Adventure;150
Skydiving;150
Sports;150
Food;151
Cooking;151
Music;152
Concert;152
Health;153
Exercise;153
Fitness;153
Sports;154
Rock Climbing;154
Sports;155
Running;155
Marathon;155
Language Learning;156
French;156
Sport;157
Basketball;157
Reading;158
Habit;158
Hiking;159
Nature;159
Adventure;159
Travel;160
Beach;160
Language Learning;161
Personal Growth;161
Sports;162
Tennis;162
Travel;163
Nature;163
Music;164
Pop;164
Rock;164
Jazz;164
Travel;165
Japan;165
Running;166
Exercise;166
Music;167
Piano;167
Meditation;168
Self-improvement;168
Surfing;169
Beach;169
Adventure;169
Language Learning;170
French;170
Marathon;171
Running;171
Travel;172
Japan;172
Reading;173
Books;173
Skiing;174
Winter Sports;174
Hiking;175
Outdoors;175
Travel;176
Hiking;176
health;177
tea;177
Hiking;178
Outdoors;178
Personal Growth;178
Skiing;179
Winter Sports;179
Astronomy;180
Stargazing;180
Language Learning;181
Personal Growth;181
Language Learning;182
Culture;182
Hiking;183
Nature;183
Health;184
Fitness;184
Running;184
Hiking;185
Nature;185
Language Learning;186
Culture;186
Sports;187
Basketball;187
Travel;188
Tokyo;188
Music;189
Favorite Genre;189
Yoga;190
Health;190
Sports;191
Football;191
Meditation;192
Self-Care;192
Cooking;193
Food;193
Language Learning;194
Culture;194
Bungee Jumping;195
Adventure;195
Language Learning;196
Tips;196
Skiing;197
Winter Sports;197
Green Tea;198
Healthy Lifestyle;198
Cooking;199
Quarantine;199
Travel;200
Beach;200
Hiking;201
Nature;201
Travel;202
Japan;202
